query	superkingdom	kingdom	phylum	subphylum	superclass	class	subclass	infraclass	cohort	subcohort	superorder	order	suborder	infraorder	parvorder	superfamily	family	subfamily	tribe	genus	species
Lib2018ii_0001	Eukaryota	Metazoa	Chordata	Craniata	Actinopterygii	Actinopteri	Neopterygii	Teleostei	Euteleosteomorpha			Gobiiformes	Gobioidei				Gobiidae	Gobionellinae		Gymnogobius	Gymnogobius petschiliensis
Lib2018ii_0002	Eukaryota	Metazoa	Chordata	Craniata	Actinopterygii	Actinopteri	Neopterygii	Teleostei	Euteleosteomorpha			Gobiiformes	Gobioidei				Gobiidae	Gobionellinae		Rhinogobius	
Lib2018ii_0003	Eukaryota	Metazoa	Chordata	Craniata	Actinopterygii	Actinopteri	Neopterygii	Teleostei	Euteleosteomorpha			Gobiiformes	Gobioidei				Gobiidae	Gobionellinae		Rhinogobius	
Lib2018ii_0004	Eukaryota	Metazoa	Chordata	Craniata	Actinopterygii	Actinopteri	Neopterygii	Teleostei	Euteleosteomorpha			Salmoniformes					Salmonidae	Salmoninae			
Lib2018ii_0005	Eukaryota	Metazoa	Chordata	Craniata	Actinopterygii	Actinopteri	Neopterygii	Teleostei	Otomorpha	Ostariophysi	Cypriniphysae	Cypriniformes	Cobitoidei				Cobitidae	Cobitinae		Misgurnus	Misgurnus anguillicaudatus
Lib2018ii_0006	Eukaryota	Metazoa	Chordata	Craniata	Actinopterygii	Actinopteri	Neopterygii	Teleostei	Euteleosteomorpha			Gobiiformes	Gobioidei				Gobiidae	Gobionellinae		Gymnogobius	
Lib2018ii_0007	Eukaryota	Metazoa	Chordata	Craniata	Actinopterygii	Actinopteri	Neopterygii	Teleostei	Otomorpha	Ostariophysi	Cypriniphysae	Cypriniformes	Cobitoidei				Cobitidae	Cobitinae		Misgurnus	
Lib2018ii_0008	Eukaryota	Metazoa	Chordata	Craniata	Actinopterygii	Actinopteri	Neopterygii	Teleostei	Euteleosteomorpha			Gobiiformes	Gobioidei				Gobiidae	Gobionellinae		Rhinogobius	Rhinogobius brunneus
Lib2018ii_0009	Eukaryota	Metazoa	Chordata	Craniata	Actinopterygii	Actinopteri	Neopterygii	Teleostei	Euteleosteomorpha			Salmoniformes					Salmonidae	Salmoninae		Oncorhynchus	Oncorhynchus masou
Lib2018ii_0010	Eukaryota	Metazoa	Chordata	Craniata	Actinopterygii	Actinopteri	Neopterygii	Teleostei	Euteleosteomorpha			Carangiformes					Carangidae			Trachurus	
Lib2018ii_0011	Eukaryota	Metazoa	Chordata	Craniata	Actinopterygii	Actinopteri	Neopterygii	Teleostei	Otomorpha	Ostariophysi	Cypriniphysae	Cypriniformes	Cyprinoidei				Leuciscidae	Pseudaspininae		Tribolodon	Tribolodon hakonensis
Lib2018ii_0012	Eukaryota	Metazoa	Chordata	Craniata	Actinopterygii	Actinopteri	Neopterygii	Teleostei	Euteleosteomorpha			Gobiiformes	Gobioidei				Gobiidae	Gobionellinae		Tridentiger	
Lib2018ii_0013	Eukaryota	Metazoa	Chordata	Craniata	Actinopterygii	Actinopteri	Neopterygii	Teleostei	Euteleosteomorpha			Perciformes	Cottioidei	Cottales			Cottidae				
Lib2018ii_0014	Eukaryota	Metazoa	Chordata	Craniata	Actinopterygii	Actinopteri	Neopterygii	Teleostei	Euteleosteomorpha			Gobiiformes	Gobioidei				Gobiidae	Gobionellinae		Rhinogobius	
Lib2018ii_0015	Eukaryota	Metazoa	Chordata	Craniata	Actinopterygii	Actinopteri	Neopterygii	Teleostei	Euteleosteomorpha			Mugiliformes					Mugilidae			Planiliza	
Lib2018ii_0016	Eukaryota	Metazoa	Chordata	Craniata	Actinopterygii	Actinopteri	Neopterygii	Teleostei	Euteleosteomorpha			Gobiiformes	Gobioidei				Gobiidae	Gobionellinae		Acanthogobius	Acanthogobius flavimanus
Lib2018ii_0017	Eukaryota	Metazoa	Chordata	Craniata	Actinopterygii	Actinopteri	Neopterygii	Teleostei	Euteleosteomorpha			Gobiiformes	Gobioidei				Gobiidae	Gobionellinae		Gymnogobius	
Lib2018ii_0018	Eukaryota	Metazoa	Chordata	Craniata	Actinopterygii	Actinopteri	Neopterygii	Teleostei	Euteleosteomorpha			Gobiiformes	Gobioidei				Gobiidae	Gobionellinae		Gymnogobius	
Lib2018ii_0019	Eukaryota	Metazoa	Chordata	Craniata	Actinopterygii	Actinopteri	Neopterygii	Teleostei	Euteleosteomorpha			Gobiiformes	Gobioidei				Gobiidae	Gobionellinae		Luciogobius	
Lib2018ii_0020	Eukaryota	Metazoa	Chordata	Craniata	Actinopterygii	Actinopteri	Neopterygii	Teleostei	Euteleosteomorpha			Perciformes	Cottioidei	Cottales			Cottidae			Cottus	Cottus kazika
Lib2018ii_0021	Eukaryota	Metazoa	Chordata	Craniata	Actinopterygii	Actinopteri	Neopterygii	Teleostei	Euteleosteomorpha			Gobiiformes	Gobioidei				Gobiidae	Gobionellinae		Luciogobius	
Lib2018ii_0022	Eukaryota	Metazoa	Chordata	Craniata	Actinopterygii	Actinopteri	Neopterygii	Teleostei	Euteleosteomorpha			Osmeriformes					Plecoglossidae			Plecoglossus	Plecoglossus altivelis
Lib2018ii_0023	Eukaryota	Metazoa	Chordata	Craniata	Actinopterygii	Actinopteri	Neopterygii	Teleostei	Euteleosteomorpha			Gobiiformes	Gobioidei				Gobiidae	Gobionellinae		Rhinogobius	
Lib2018ii_0024	Eukaryota	Metazoa	Chordata	Craniata	Actinopterygii	Actinopteri	Neopterygii	Teleostei	Otomorpha	Ostariophysi	Cypriniphysae	Cypriniformes	Cyprinoidei				Cyprinidae	Cyprininae		Carassius	
Lib2018ii_0025	Eukaryota	Metazoa	Chordata	Craniata	Actinopterygii	Actinopteri	Neopterygii	Teleostei	Otomorpha	Ostariophysi	Cypriniphysae	Cypriniformes	Cobitoidei				Cobitidae	Cobitinae		Misgurnus	Misgurnus anguillicaudatus
Lib2018ii_0026	Eukaryota	Metazoa	Chordata	Craniata	Actinopterygii	Actinopteri	Neopterygii	Teleostei	Euteleosteomorpha			Gobiiformes	Gobioidei				Gobiidae	Gobionellinae		Rhinogobius	
Lib2018ii_0027	Eukaryota	Metazoa	Chordata	Craniata	Actinopterygii	Actinopteri	Neopterygii	Teleostei	Euteleosteomorpha			Carangiformes					Carangidae			Seriola	Seriola quinqueradiata
Lib2018ii_0028	Eukaryota	Metazoa	Chordata	Craniata	Actinopterygii	Actinopteri	Neopterygii	Teleostei	Euteleosteomorpha			Tetraodontiformes	Tetraodontoidei			Tetradontoidea	Tetraodontidae			Takifugu	
Lib2018ii_0029	Eukaryota	Metazoa	Chordata	Craniata	Actinopterygii	Actinopteri	Neopterygii	Teleostei	Otomorpha	Ostariophysi	Cypriniphysae	Cypriniformes	Cobitoidei				Cobitidae	Cobitinae		Misgurnus	Misgurnus anguillicaudatus
Lib2018ii_0030	Eukaryota	Metazoa	Chordata	Craniata	Actinopterygii	Actinopteri	Neopterygii	Teleostei	Otomorpha	Ostariophysi	Cypriniphysae	Cypriniformes	Cobitoidei				Cobitidae	Cobitinae		Misgurnus	Misgurnus anguillicaudatus
Lib2018ii_0031	Eukaryota	Metazoa	Chordata	Craniata	Actinopterygii	Actinopteri	Neopterygii	Teleostei	Euteleosteomorpha			Gobiiformes	Gobioidei				Gobiidae	Gobionellinae		Rhinogobius	
Lib2018ii_0032	Eukaryota	Metazoa	Chordata	Craniata	Actinopterygii	Actinopteri	Neopterygii	Teleostei	Euteleosteomorpha			Gobiiformes	Gobioidei				Gobiidae	Gobionellinae		Rhinogobius	
Lib2018ii_0033	Eukaryota	Metazoa	Chordata	Craniata	Actinopterygii	Actinopteri	Neopterygii	Teleostei	Euteleosteomorpha			Gobiiformes	Gobioidei				Gobiidae	Gobionellinae		Luciogobius	
Lib2018ii_0034	Eukaryota	Metazoa	Chordata	Craniata	Actinopterygii	Actinopteri	Neopterygii	Teleostei	Euteleosteomorpha			Perciformes	Cottioidei	Cottales			Cottidae			Cottus	Cottus kazika
Lib2018ii_0035	Eukaryota	Metazoa	Chordata	Craniata	Actinopterygii	Actinopteri	Neopterygii	Teleostei	Euteleosteomorpha			Gobiiformes	Gobioidei				Gobiidae	Gobionellinae		Rhinogobius	
Lib2018ii_0036	Eukaryota	Metazoa	Chordata	Craniata	Actinopterygii	Actinopteri	Neopterygii	Teleostei	Otomorpha	Ostariophysi	Cypriniphysae	Cypriniformes	Cobitoidei				Cobitidae	Cobitinae		Misgurnus	Misgurnus anguillicaudatus
Lib2018ii_0037	Eukaryota	Metazoa	Chordata	Craniata	Actinopterygii	Actinopteri	Neopterygii	Teleostei	Euteleosteomorpha			Gobiiformes	Gobioidei				Gobiidae	Gobionellinae		Rhinogobius	
Lib2018ii_0038	Eukaryota	Metazoa	Chordata	Craniata	Actinopterygii	Actinopteri	Neopterygii	Teleostei	Euteleosteomorpha			Gobiiformes	Gobioidei				Gobiidae	Gobionellinae		Gymnogobius	
Lib2018ii_0039	Eukaryota	Metazoa	Chordata	Craniata	Actinopterygii	Actinopteri	Neopterygii	Teleostei	Euteleosteomorpha			Gobiiformes	Gobioidei				Gobiidae	Gobionellinae		Gymnogobius	
Lib2018ii_0040	Eukaryota	Metazoa	Chordata	Craniata	Actinopterygii	Actinopteri	Neopterygii	Teleostei	Euteleosteomorpha			Carangiformes					Carangidae			Seriola	Seriola quinqueradiata
Lib2018ii_0041	Eukaryota	Metazoa	Chordata	Craniata	Actinopterygii	Actinopteri	Neopterygii	Teleostei	Euteleosteomorpha			Gobiiformes	Gobioidei				Gobiidae	Gobionellinae		Rhinogobius	
Lib2018ii_0042	Eukaryota	Metazoa	Chordata	Craniata	Actinopterygii	Actinopteri	Neopterygii	Teleostei	Euteleosteomorpha			Gobiiformes	Gobioidei				Gobiidae	Gobionellinae		Rhinogobius	
Lib2018ii_0043	Eukaryota	Metazoa	Chordata	Craniata	Actinopterygii	Actinopteri	Neopterygii	Teleostei	Euteleosteomorpha			Gobiiformes	Gobioidei				Gobiidae	Gobionellinae		Rhinogobius	
Lib2018ii_0044	Eukaryota	Metazoa	Chordata	Craniata	Actinopterygii	Actinopteri	Neopterygii	Teleostei	Euteleosteomorpha			Gobiiformes	Gobioidei				Gobiidae	Gobionellinae		Rhinogobius	
Lib2018ii_0045	Eukaryota	Metazoa	Chordata	Craniata	Actinopterygii	Actinopteri	Neopterygii	Teleostei	Euteleosteomorpha			Perciformes	Serranoidei				Serranidae	Epinephelinae	Epinephelini	Epinephelus	
Lib2018ii_0046	Eukaryota	Metazoa	Chordata	Craniata	Actinopterygii	Actinopteri	Neopterygii	Teleostei	Euteleosteomorpha			Mugiliformes					Mugilidae			Mugil	Mugil cephalus
Lib2018ii_0047	Eukaryota	Metazoa	Chordata	Craniata	Actinopterygii	Actinopteri	Neopterygii	Teleostei	Otomorpha	Ostariophysi	Cypriniphysae	Cypriniformes	Cobitoidei				Cobitidae	Cobitinae		Misgurnus	
Lib2018ii_0048	Eukaryota	Metazoa	Chordata	Craniata	Actinopterygii	Actinopteri	Neopterygii	Teleostei	Euteleosteomorpha			Gobiiformes	Gobioidei				Gobiidae	Gobionellinae		Rhinogobius	
Lib2018ii_0049	Eukaryota	Metazoa	Chordata	Craniata	Actinopterygii	Actinopteri	Neopterygii	Teleostei	Euteleosteomorpha			Gobiiformes	Gobioidei				Gobiidae	Gobionellinae		Rhinogobius	
Lib2018ii_0050	Eukaryota	Metazoa	Chordata	Craniata	Actinopterygii	Actinopteri	Neopterygii	Teleostei	Euteleosteomorpha			Gobiiformes	Gobioidei				Gobiidae	Gobionellinae		Rhinogobius	Rhinogobius brunneus
Lib2018ii_0051	Eukaryota	Metazoa	Chordata	Craniata	Actinopterygii	Actinopteri	Neopterygii	Teleostei	Euteleosteomorpha			Gobiiformes	Gobioidei				Gobiidae	Gobionellinae		Rhinogobius	
Lib2018ii_0052																					
Lib2018ii_0053	Eukaryota	Metazoa	Chordata	Craniata	Actinopterygii	Actinopteri	Neopterygii	Teleostei	Euteleosteomorpha			Gobiiformes	Gobioidei				Gobiidae	Gobionellinae		Gymnogobius	
Lib2018ii_0054	Eukaryota	Metazoa	Chordata	Craniata	Actinopterygii	Actinopteri	Neopterygii	Teleostei	Euteleosteomorpha			Gobiiformes	Gobioidei				Gobiidae	Gobionellinae		Luciogobius	
Lib2018ii_0055	Eukaryota	Metazoa	Chordata	Craniata	Actinopterygii	Actinopteri	Neopterygii	Teleostei	Euteleosteomorpha			Carangiformes					Carangidae			Trachurus	
Lib2018ii_0056	Eukaryota	Metazoa	Chordata	Craniata	Actinopterygii	Actinopteri	Neopterygii	Teleostei	Euteleosteomorpha			Gobiiformes	Gobioidei				Gobiidae	Gobionellinae		Rhinogobius	
Lib2018ii_0057	Eukaryota	Metazoa	Chordata	Craniata	Actinopterygii	Actinopteri	Neopterygii	Teleostei	Euteleosteomorpha			Gobiiformes	Gobioidei				Gobiidae	Gobionellinae		Gymnogobius	
Lib2018ii_0058	Eukaryota	Metazoa	Chordata	Craniata	Actinopterygii	Actinopteri	Neopterygii	Teleostei	Euteleosteomorpha			Gobiiformes	Gobioidei				Gobiidae	Gobionellinae		Gymnogobius	
Lib2018ii_0059	Eukaryota	Metazoa	Chordata	Craniata	Actinopterygii	Actinopteri	Neopterygii	Teleostei	Euteleosteomorpha			Gobiiformes	Gobioidei				Gobiidae	Gobionellinae		Gymnogobius	
Lib2018ii_0060	Eukaryota	Metazoa	Chordata	Craniata	Actinopterygii	Actinopteri	Neopterygii	Teleostei	Euteleosteomorpha			Perciformes	Cottioidei	Hexagrammales			Hexagrammidae			Hexagrammos	
Lib2018ii_0061	Eukaryota	Metazoa	Chordata	Craniata	Actinopterygii	Actinopteri	Neopterygii	Teleostei	Euteleosteomorpha			Carangiformes					Carangidae			Trachurus	
Lib2018ii_0062	Eukaryota	Metazoa	Chordata	Craniata	Actinopterygii	Actinopteri	Neopterygii	Teleostei	Otomorpha	Ostariophysi	Cypriniphysae	Cypriniformes	Cobitoidei				Cobitidae	Cobitinae		Misgurnus	Misgurnus anguillicaudatus
Lib2018ii_0063	Eukaryota	Metazoa	Chordata	Craniata	Actinopterygii	Actinopteri	Neopterygii	Teleostei	Otomorpha	Ostariophysi	Cypriniphysae	Cypriniformes	Cyprinoidei				Cyprinidae	Cyprininae		Cyprinus	
Lib2018ii_0064	Eukaryota	Metazoa	Chordata	Craniata	Actinopterygii	Actinopteri	Neopterygii	Teleostei	Euteleosteomorpha			Gobiiformes	Gobioidei				Gobiidae	Gobionellinae		Rhinogobius	
Lib2018ii_0065	Eukaryota	Metazoa	Chordata	Craniata	Actinopterygii	Actinopteri	Neopterygii	Teleostei	Otomorpha	Ostariophysi	Cypriniphysae	Cypriniformes	Cyprinoidei				Cyprinidae	Cyprininae			
Lib2018ii_0066	Eukaryota	Metazoa	Chordata	Craniata	Actinopterygii	Actinopteri	Neopterygii	Teleostei	Otomorpha	Ostariophysi	Cypriniphysae	Cypriniformes	Cobitoidei				Cobitidae	Cobitinae		Misgurnus	
Lib2018ii_0067	Eukaryota	Metazoa	Chordata	Craniata	Actinopterygii	Actinopteri	Neopterygii	Teleostei	Euteleosteomorpha			Mugiliformes					Mugilidae			Planiliza	
Lib2018ii_0068	Eukaryota	Metazoa	Chordata	Craniata	Actinopterygii	Actinopteri	Neopterygii	Teleostei	Euteleosteomorpha			Gobiiformes	Gobioidei				Gobiidae	Gobionellinae		Rhinogobius	
Lib2018ii_0069	Eukaryota	Metazoa	Chordata	Craniata	Actinopterygii	Actinopteri	Neopterygii	Teleostei	Euteleosteomorpha			Gobiiformes	Gobioidei				Gobiidae	Gobionellinae		Gymnogobius	
Lib2018ii_0070	Eukaryota	Metazoa	Chordata	Craniata	Actinopterygii	Actinopteri	Neopterygii	Teleostei	Euteleosteomorpha			Gobiiformes	Gobioidei				Gobiidae	Gobionellinae		Rhinogobius	
Lib2018ii_0071	Eukaryota	Metazoa	Chordata	Craniata	Actinopterygii	Actinopteri	Neopterygii	Teleostei	Euteleosteomorpha			Gobiiformes	Gobioidei				Gobiidae	Gobionellinae		Gymnogobius	
Lib2018ii_0072	Eukaryota	Metazoa	Chordata	Craniata	Actinopterygii	Actinopteri	Neopterygii	Teleostei	Euteleosteomorpha			Gobiiformes	Gobioidei				Gobiidae	Gobionellinae		Rhinogobius	
Lib2018ii_0073	Eukaryota	Metazoa	Chordata	Craniata	Actinopterygii	Actinopteri	Neopterygii	Teleostei	Euteleosteomorpha			Mugiliformes					Mugilidae			Planiliza	
Lib2018ii_0074	Eukaryota	Metazoa	Chordata	Craniata	Actinopterygii	Actinopteri	Neopterygii	Teleostei	Euteleosteomorpha			Gobiiformes	Gobioidei				Gobiidae	Gobionellinae		Rhinogobius	
Lib2018ii_0075	Eukaryota	Metazoa	Chordata	Craniata	Actinopterygii	Actinopteri	Neopterygii	Teleostei	Otomorpha	Ostariophysi	Cypriniphysae	Cypriniformes	Cobitoidei				Cobitidae	Cobitinae		Misgurnus	Misgurnus anguillicaudatus
Lib2018ii_0076	Eukaryota	Metazoa	Chordata	Craniata	Actinopterygii	Actinopteri	Neopterygii	Teleostei	Euteleosteomorpha			Gobiiformes	Gobioidei				Gobiidae	Gobionellinae		Rhinogobius	
Lib2018ii_0077	Eukaryota	Metazoa	Chordata	Craniata	Actinopterygii	Actinopteri	Neopterygii	Teleostei	Euteleosteomorpha			Gobiiformes	Gobioidei				Gobiidae	Gobionellinae		Rhinogobius	
Lib2018ii_0078	Eukaryota	Metazoa	Chordata	Craniata	Actinopterygii	Actinopteri	Neopterygii	Teleostei	Euteleosteomorpha			Gobiiformes	Gobioidei				Gobiidae	Gobionellinae			
Lib2018ii_0079	Eukaryota	Metazoa	Chordata	Craniata	Actinopterygii	Actinopteri	Neopterygii	Teleostei	Otomorpha	Ostariophysi	Cypriniphysae	Cypriniformes	Cobitoidei				Cobitidae	Cobitinae		Misgurnus	
Lib2018ii_0080	Eukaryota	Metazoa	Chordata	Craniata	Actinopterygii	Actinopteri	Neopterygii	Teleostei	Euteleosteomorpha			Gobiiformes	Gobioidei				Gobiidae	Gobionellinae		Gymnogobius	
Lib2018ii_0081	Eukaryota	Metazoa	Chordata	Craniata	Actinopterygii	Actinopteri	Neopterygii	Teleostei	Euteleosteomorpha			Gobiiformes	Gobioidei				Gobiidae	Gobionellinae		Rhinogobius	
Lib2018ii_0082	Eukaryota	Metazoa	Chordata	Craniata	Actinopterygii	Actinopteri	Neopterygii	Teleostei	Euteleosteomorpha			Gobiiformes	Gobioidei				Gobiidae	Gobionellinae		Rhinogobius	
Lib2018ii_0083	Eukaryota	Metazoa	Chordata	Craniata	Actinopterygii	Actinopteri	Neopterygii	Teleostei	Euteleosteomorpha			Perciformes	Cottioidei	Cottales			Cottidae				
Lib2018ii_0084	Eukaryota	Metazoa	Chordata	Craniata	Sarcopterygii	Mammalia					Laurasiatheria	Chiroptera	Microchiroptera				Vespertilionidae	Miniopterinae		Miniopterus	Miniopterus fuliginosus
Lib2018ii_0085	Eukaryota	Metazoa	Chordata	Craniata	Actinopterygii	Actinopteri	Neopterygii	Teleostei	Euteleosteomorpha			Gobiiformes	Gobioidei				Gobiidae	Gobionellinae		Rhinogobius	
Lib2018ii_0086	Eukaryota	Metazoa	Chordata	Craniata	Actinopterygii	Actinopteri	Neopterygii	Teleostei	Euteleosteomorpha			Gobiiformes	Gobioidei				Gobiidae	Gobionellinae		Luciogobius	
Lib2018ii_0087	Eukaryota	Metazoa	Chordata	Craniata	Actinopterygii	Actinopteri	Neopterygii	Teleostei	Euteleosteomorpha			Gobiiformes	Gobioidei				Gobiidae	Gobionellinae		Rhinogobius	
Lib2018ii_0088	Eukaryota	Metazoa	Chordata	Craniata	Actinopterygii	Actinopteri	Neopterygii	Teleostei	Euteleosteomorpha			Pleuronectiformes	Pleuronectoidei				Pleuronectidae				
Lib2018ii_0089	Eukaryota	Metazoa	Chordata	Craniata	Actinopterygii	Actinopteri	Neopterygii	Teleostei	Euteleosteomorpha			Gobiiformes	Gobioidei				Gobiidae	Gobionellinae		Gymnogobius	
Lib2018ii_0090	Eukaryota	Metazoa	Chordata	Craniata	Actinopterygii	Actinopteri	Neopterygii	Teleostei	Euteleosteomorpha			Salmoniformes					Salmonidae	Salmoninae		Oncorhynchus	Oncorhynchus masou
Lib2018ii_0091	Eukaryota	Metazoa	Chordata	Craniata	Actinopterygii	Actinopteri	Neopterygii	Teleostei	Euteleosteomorpha			Scombriformes					Scombridae	Scombrinae	Thunnini	Thunnus	
Lib2018ii_0092	Eukaryota	Metazoa	Chordata	Craniata	Actinopterygii	Actinopteri	Neopterygii	Teleostei	Euteleosteomorpha			Gobiiformes	Gobioidei				Gobiidae	Gobionellinae		Rhinogobius	
Lib2018ii_0093	Eukaryota	Metazoa	Chordata	Craniata	Actinopterygii	Actinopteri	Neopterygii	Teleostei	Euteleosteomorpha			Gobiiformes	Gobioidei				Gobiidae	Gobionellinae		Gymnogobius	
Lib2018ii_0094	Eukaryota	Metazoa	Chordata	Craniata	Actinopterygii	Actinopteri	Neopterygii	Teleostei	Euteleosteomorpha			Gobiiformes	Gobioidei				Gobiidae	Gobionellinae		Rhinogobius	
Lib2018ii_0095	Eukaryota	Metazoa	Chordata	Craniata	Actinopterygii	Actinopteri	Neopterygii	Teleostei	Euteleosteomorpha			Gobiiformes	Gobioidei				Gobiidae	Gobionellinae		Gymnogobius	
Lib2018ii_0096	Eukaryota	Metazoa	Chordata	Craniata	Actinopterygii	Actinopteri	Neopterygii	Teleostei	Euteleosteomorpha			Gobiiformes	Gobioidei				Gobiidae	Gobionellinae		Gymnogobius	
Lib2018ii_0097	Eukaryota	Metazoa	Chordata	Craniata	Actinopterygii	Actinopteri	Neopterygii	Teleostei	Euteleosteomorpha			Salmoniformes					Salmonidae	Salmoninae		Oncorhynchus	Oncorhynchus masou
Lib2018ii_0098	Eukaryota	Metazoa	Chordata	Craniata	Actinopterygii	Actinopteri	Neopterygii	Teleostei	Otomorpha	Ostariophysi	Cypriniphysae	Cypriniformes	Cobitoidei				Cobitidae	Cobitinae		Misgurnus	Misgurnus anguillicaudatus
Lib2018ii_0099	Eukaryota	Metazoa	Chordata	Craniata	Actinopterygii	Actinopteri	Neopterygii	Teleostei	Euteleosteomorpha			Gobiiformes	Gobioidei				Gobiidae	Gobionellinae		Gymnogobius	
Lib2018ii_0100	Eukaryota	Metazoa	Chordata	Craniata	Actinopterygii	Actinopteri	Neopterygii	Teleostei	Euteleosteomorpha			Perciformes	Cottioidei	Cottales			Cottidae				
Lib2018ii_0101	Eukaryota	Metazoa	Chordata	Craniata	Actinopterygii	Actinopteri	Neopterygii	Teleostei	Euteleosteomorpha			Gobiiformes	Gobioidei				Gobiidae	Gobionellinae		Rhinogobius	
Lib2018ii_0102	Eukaryota	Metazoa	Chordata	Craniata	Actinopterygii	Actinopteri	Neopterygii	Teleostei	Euteleosteomorpha			Gobiiformes	Gobioidei				Gobiidae	Gobionellinae		Rhinogobius	
Lib2018ii_0103	Eukaryota	Metazoa	Chordata	Craniata	Actinopterygii	Actinopteri	Neopterygii	Teleostei	Euteleosteomorpha			Gobiiformes	Gobioidei				Gobiidae	Gobionellinae		Gymnogobius	
Lib2018ii_0104	Eukaryota	Metazoa	Chordata	Craniata	Actinopterygii	Actinopteri	Neopterygii	Teleostei	Euteleosteomorpha			Gobiiformes	Gobioidei				Gobiidae	Gobionellinae		Gymnogobius	
Lib2018ii_0105	Eukaryota	Metazoa	Chordata	Craniata	Actinopterygii	Actinopteri	Neopterygii	Teleostei	Euteleosteomorpha			Osmeriformes					Plecoglossidae			Plecoglossus	Plecoglossus altivelis
Lib2018ii_0106	Eukaryota	Metazoa	Chordata	Craniata	Actinopterygii	Actinopteri	Neopterygii	Teleostei	Euteleosteomorpha			Gobiiformes	Gobioidei				Gobiidae	Gobionellinae		Gymnogobius	Gymnogobius petschiliensis
Lib2018ii_0107	Eukaryota	Metazoa	Chordata	Craniata	Actinopterygii	Actinopteri	Neopterygii	Teleostei	Euteleosteomorpha			Gobiiformes	Gobioidei				Gobiidae	Gobionellinae		Rhinogobius	
Lib2018ii_0108	Eukaryota	Metazoa	Chordata	Craniata	Actinopterygii	Actinopteri	Neopterygii	Teleostei	Euteleosteomorpha			Gobiiformes	Gobioidei				Gobiidae	Gobionellinae		Luciogobius	
Lib2018ii_0109	Eukaryota	Metazoa	Chordata	Craniata	Actinopterygii	Actinopteri	Neopterygii	Teleostei	Euteleosteomorpha			Gobiiformes	Gobioidei				Gobiidae	Gobionellinae		Gymnogobius	
Lib2018ii_0110	Eukaryota	Metazoa	Chordata	Craniata	Actinopterygii	Actinopteri	Neopterygii	Teleostei	Euteleosteomorpha			Gobiiformes	Gobioidei				Gobiidae	Gobionellinae		Gymnogobius	
Lib2018ii_0111	Eukaryota	Metazoa	Chordata	Craniata	Actinopterygii	Actinopteri	Neopterygii	Teleostei	Euteleosteomorpha			Scombriformes					Scombridae	Scombrinae	Thunnini	Thunnus	
Lib2018ii_0112	Eukaryota	Metazoa	Chordata	Craniata	Actinopterygii	Actinopteri	Neopterygii	Teleostei	Euteleosteomorpha			Gobiiformes	Gobioidei				Gobiidae	Gobionellinae		Rhinogobius	
Lib2018ii_0113	Eukaryota	Metazoa	Chordata	Craniata	Actinopterygii	Actinopteri	Neopterygii	Teleostei	Euteleosteomorpha			Gobiiformes	Gobioidei				Gobiidae	Gobionellinae		Gymnogobius	
Lib2018ii_0114	Eukaryota	Metazoa	Chordata	Craniata	Actinopterygii	Actinopteri	Neopterygii	Teleostei	Euteleosteomorpha			Gobiiformes	Gobioidei				Gobiidae	Gobionellinae		Gymnogobius	
Lib2018ii_0115	Eukaryota	Metazoa	Chordata	Craniata	Actinopterygii	Actinopteri	Neopterygii	Teleostei	Euteleosteomorpha			Gobiiformes	Gobioidei				Gobiidae	Gobionellinae		Rhinogobius	
Lib2018ii_0116	Eukaryota	Metazoa	Chordata	Craniata	Actinopterygii	Actinopteri	Neopterygii	Teleostei	Euteleosteomorpha			Gobiiformes	Gobioidei				Gobiidae	Gobionellinae		Rhinogobius	
Lib2018ii_0117	Eukaryota	Metazoa	Chordata	Craniata	Actinopterygii	Actinopteri	Neopterygii	Teleostei	Euteleosteomorpha			Gobiiformes	Gobioidei				Gobiidae	Gobionellinae		Gymnogobius	
Lib2018ii_0118	Eukaryota	Metazoa	Chordata	Craniata	Actinopterygii	Actinopteri	Neopterygii	Teleostei	Euteleosteomorpha			Carangiformes					Carangidae			Seriola	Seriola quinqueradiata
Lib2018ii_0119	Eukaryota	Metazoa	Chordata	Craniata	Actinopterygii	Actinopteri	Neopterygii	Teleostei	Euteleosteomorpha			Scombriformes					Scombridae	Scombrinae	Thunnini		
Lib2018ii_0120	Eukaryota	Metazoa	Chordata	Craniata	Actinopterygii	Actinopteri	Neopterygii	Teleostei	Euteleosteomorpha			Gobiiformes	Gobioidei				Gobiidae	Gobionellinae		Gymnogobius	
Lib2018ii_0121	Eukaryota	Metazoa	Chordata	Craniata	Actinopterygii	Actinopteri	Neopterygii	Teleostei	Euteleosteomorpha			Gobiiformes	Gobioidei				Gobiidae	Gobionellinae		Rhinogobius	
Lib2018ii_0122	Eukaryota	Metazoa	Chordata	Craniata	Actinopterygii	Actinopteri	Neopterygii	Teleostei	Euteleosteomorpha			Tetraodontiformes	Tetraodontoidei			Tetradontoidea	Tetraodontidae			Takifugu	Takifugu alboplumbeus
Lib2018ii_0123	Eukaryota	Metazoa	Chordata	Craniata	Actinopterygii	Actinopteri	Neopterygii	Teleostei	Otomorpha	Ostariophysi	Cypriniphysae	Cypriniformes	Cobitoidei				Cobitidae	Cobitinae		Misgurnus	Misgurnus anguillicaudatus
Lib2018ii_0124	Eukaryota	Metazoa	Chordata	Craniata	Actinopterygii	Actinopteri	Neopterygii	Teleostei	Euteleosteomorpha			Gobiiformes	Gobioidei				Gobiidae	Gobionellinae		Rhinogobius	
Lib2018ii_0125	Eukaryota	Metazoa	Chordata	Craniata	Actinopterygii	Actinopteri	Neopterygii	Teleostei	Euteleosteomorpha			Gobiiformes	Gobioidei				Gobiidae	Gobionellinae		Rhinogobius	
Lib2018ii_0126	Eukaryota	Metazoa	Chordata	Craniata	Actinopterygii	Actinopteri	Neopterygii	Teleostei	Euteleosteomorpha			Gobiiformes	Gobioidei				Gobiidae	Gobionellinae		Rhinogobius	
Lib2018ii_0127	Eukaryota	Metazoa	Chordata	Craniata	Actinopterygii	Actinopteri	Neopterygii	Teleostei	Euteleosteomorpha			Gobiiformes	Gobioidei				Gobiidae	Gobionellinae		Rhinogobius	
Lib2018ii_0128	Eukaryota	Metazoa	Chordata	Craniata	Actinopterygii	Actinopteri	Neopterygii	Teleostei	Euteleosteomorpha			Gobiiformes	Gobioidei				Gobiidae	Gobionellinae		Rhinogobius	
Lib2018ii_0129	Eukaryota	Metazoa	Chordata	Craniata	Actinopterygii	Actinopteri	Neopterygii	Teleostei	Euteleosteomorpha			Gobiiformes	Gobioidei				Gobiidae	Gobionellinae		Gymnogobius	
Lib2018ii_0130	Eukaryota	Metazoa	Chordata	Craniata	Actinopterygii	Actinopteri	Neopterygii	Teleostei	Euteleosteomorpha			Gobiiformes	Gobioidei				Gobiidae	Gobionellinae		Gymnogobius	
Lib2018ii_0131	Eukaryota	Metazoa	Chordata	Craniata	Actinopterygii	Actinopteri	Neopterygii	Teleostei	Otomorpha	Ostariophysi	Cypriniphysae	Cypriniformes	Cobitoidei				Cobitidae	Cobitinae		Misgurnus	
Lib2018ii_0132	Eukaryota	Metazoa	Chordata	Craniata	Actinopterygii	Actinopteri	Neopterygii	Teleostei	Euteleosteomorpha			Carangiformes					Carangidae			Trachurus	
Lib2018ii_0133	Eukaryota	Metazoa	Chordata	Craniata	Actinopterygii	Actinopteri	Neopterygii	Teleostei	Otomorpha	Ostariophysi	Cypriniphysae	Cypriniformes	Cobitoidei				Cobitidae	Cobitinae		Misgurnus	Misgurnus anguillicaudatus
Lib2018ii_0134	Eukaryota	Metazoa	Chordata	Craniata	Actinopterygii	Actinopteri	Neopterygii	Teleostei	Otomorpha	Ostariophysi	Cypriniphysae	Cypriniformes	Cobitoidei				Cobitidae	Cobitinae		Misgurnus	Misgurnus anguillicaudatus
Lib2018ii_0135	Eukaryota	Metazoa	Chordata	Craniata	Actinopterygii	Actinopteri	Neopterygii	Teleostei	Euteleosteomorpha			Gobiiformes	Gobioidei				Gobiidae	Gobionellinae		Gymnogobius	
Lib2018ii_0136	Eukaryota	Metazoa	Chordata	Craniata	Actinopterygii	Actinopteri	Neopterygii	Teleostei	Euteleosteomorpha			Gobiiformes	Gobioidei				Gobiidae	Gobionellinae		Rhinogobius	
Lib2018ii_0137	Eukaryota	Metazoa	Chordata	Craniata	Actinopterygii	Actinopteri	Neopterygii	Teleostei	Euteleosteomorpha			Gobiiformes	Gobioidei				Gobiidae	Gobionellinae		Rhinogobius	
Lib2018ii_0138	Eukaryota	Metazoa	Chordata	Craniata	Actinopterygii	Actinopteri	Neopterygii	Teleostei	Euteleosteomorpha			Gobiiformes	Gobioidei				Gobiidae	Gobionellinae		Gymnogobius	
Lib2018ii_0139	Eukaryota	Metazoa	Chordata	Craniata	Actinopterygii	Actinopteri	Neopterygii	Teleostei	Euteleosteomorpha			Gobiiformes	Gobioidei				Gobiidae	Gobionellinae		Rhinogobius	
Lib2018ii_0140	Eukaryota	Metazoa	Chordata	Craniata	Actinopterygii	Actinopteri	Neopterygii	Teleostei	Euteleosteomorpha			Gobiiformes	Gobioidei				Gobiidae	Gobionellinae		Gymnogobius	
Lib2018ii_0141	Eukaryota	Metazoa	Chordata	Craniata	Actinopterygii	Actinopteri	Neopterygii	Teleostei	Euteleosteomorpha			Osmeriformes					Plecoglossidae			Plecoglossus	Plecoglossus altivelis
Lib2018ii_0142	Eukaryota	Metazoa	Chordata	Craniata	Actinopterygii	Actinopteri	Neopterygii	Teleostei	Euteleosteomorpha			Gobiiformes	Gobioidei				Gobiidae	Gobionellinae		Gymnogobius	
Lib2018ii_0143	Eukaryota	Metazoa	Chordata	Craniata	Actinopterygii	Actinopteri	Neopterygii	Teleostei	Euteleosteomorpha			Gobiiformes	Gobioidei				Gobiidae	Gobionellinae		Rhinogobius	
Lib2018ii_0144	Eukaryota	Metazoa	Chordata	Craniata	Actinopterygii	Actinopteri	Neopterygii	Teleostei	Euteleosteomorpha			Perciformes	Cottioidei	Cottales			Cottidae				
Lib2018ii_0145	Eukaryota	Metazoa	Chordata	Craniata	Actinopterygii	Actinopteri	Neopterygii	Teleostei	Euteleosteomorpha			Gobiiformes	Gobioidei				Gobiidae	Gobionellinae		Rhinogobius	
Lib2018ii_0146	Eukaryota	Metazoa	Chordata	Craniata	Actinopterygii	Actinopteri	Neopterygii	Teleostei	Euteleosteomorpha			Gobiiformes	Gobioidei				Gobiidae	Gobionellinae		Rhinogobius	
Lib2018ii_0147	Eukaryota	Metazoa	Chordata	Craniata	Actinopterygii	Actinopteri	Neopterygii	Teleostei	Euteleosteomorpha			Carangiformes					Carangidae			Trachurus	
Lib2018ii_0148	Eukaryota	Metazoa	Chordata	Craniata	Actinopterygii	Actinopteri	Neopterygii	Teleostei	Euteleosteomorpha			Salmoniformes					Salmonidae	Salmoninae			
Lib2018ii_0149	Eukaryota	Metazoa	Chordata	Craniata	Actinopterygii	Actinopteri	Neopterygii	Teleostei	Otomorpha	Ostariophysi	Cypriniphysae	Cypriniformes	Cobitoidei				Cobitidae	Cobitinae		Misgurnus	
Lib2018ii_0150	Eukaryota	Metazoa	Chordata	Craniata	Actinopterygii	Actinopteri	Neopterygii	Teleostei	Euteleosteomorpha			Gobiiformes	Gobioidei				Gobiidae	Gobionellinae		Rhinogobius	
Lib2018ii_0151	Eukaryota	Metazoa	Chordata	Craniata	Actinopterygii	Actinopteri	Neopterygii	Teleostei	Euteleosteomorpha			Spariformes					Sparidae			Acanthopagrus	
Lib2018ii_0152	Eukaryota	Metazoa	Chordata	Craniata	Actinopterygii	Actinopteri	Neopterygii	Teleostei	Euteleosteomorpha			Carangiformes					Carangidae			Trachurus	
Lib2018ii_0153	Eukaryota	Metazoa	Chordata	Craniata	Actinopterygii	Actinopteri	Neopterygii	Teleostei	Euteleosteomorpha			Gobiiformes	Gobioidei				Gobiidae	Gobionellinae		Rhinogobius	
Lib2018ii_0154	Eukaryota	Metazoa	Chordata	Craniata	Actinopterygii	Actinopteri	Neopterygii	Teleostei	Euteleosteomorpha			Gobiiformes	Gobioidei				Gobiidae	Gobionellinae		Rhinogobius	
Lib2018ii_0155	Eukaryota	Metazoa	Chordata	Craniata	Actinopterygii	Actinopteri	Neopterygii	Teleostei	Euteleosteomorpha			Gobiiformes	Gobioidei				Gobiidae	Gobionellinae		Rhinogobius	
Lib2018ii_0156	Eukaryota	Metazoa	Chordata	Craniata	Actinopterygii	Actinopteri	Neopterygii	Teleostei	Euteleosteomorpha			Gobiiformes	Gobioidei				Gobiidae	Gobionellinae		Rhinogobius	
Lib2018ii_0157	Eukaryota	Metazoa	Chordata	Craniata	Actinopterygii	Actinopteri	Neopterygii	Teleostei	Euteleosteomorpha			Carangiformes					Carangidae			Trachurus	
Lib2018ii_0158	Eukaryota	Metazoa	Chordata	Craniata	Actinopterygii	Actinopteri	Neopterygii	Teleostei	Euteleosteomorpha			Gobiiformes	Gobioidei				Gobiidae	Gobionellinae		Gymnogobius	
Lib2018ii_0159	Eukaryota	Metazoa	Chordata	Craniata	Actinopterygii	Actinopteri	Neopterygii	Teleostei	Euteleosteomorpha			Gobiiformes	Gobioidei				Gobiidae	Gobionellinae		Gymnogobius	
Lib2018ii_0160	Eukaryota	Metazoa	Chordata	Craniata	Actinopterygii	Actinopteri	Neopterygii	Teleostei	Euteleosteomorpha			Gobiiformes	Gobioidei				Gobiidae	Gobionellinae		Rhinogobius	
Lib2018ii_0161	Eukaryota	Metazoa	Chordata	Craniata	Actinopterygii	Actinopteri	Neopterygii	Teleostei	Euteleosteomorpha			Gobiiformes	Gobioidei				Gobiidae	Gobionellinae		Gymnogobius	
Lib2018ii_0162	Eukaryota	Metazoa	Chordata	Craniata	Actinopterygii	Actinopteri	Neopterygii	Teleostei	Euteleosteomorpha			Carangiformes					Carangidae			Seriola	Seriola quinqueradiata
Lib2018ii_0163	Eukaryota	Metazoa	Chordata	Craniata	Actinopterygii	Actinopteri	Neopterygii	Teleostei	Euteleosteomorpha			Gobiiformes	Gobioidei				Gobiidae	Gobionellinae		Rhinogobius	
Lib2018ii_0164	Eukaryota	Metazoa	Chordata	Craniata	Actinopterygii	Actinopteri	Neopterygii	Teleostei	Euteleosteomorpha			Salmoniformes					Salmonidae	Salmoninae		Oncorhynchus	Oncorhynchus masou
Lib2018ii_0165	Eukaryota	Metazoa	Chordata	Craniata	Actinopterygii	Actinopteri	Neopterygii	Teleostei	Euteleosteomorpha			Perciformes	Cottioidei	Cottales			Cottidae				
Lib2018ii_0166	Eukaryota	Metazoa	Chordata	Craniata	Actinopterygii	Actinopteri	Neopterygii	Teleostei	Otomorpha	Ostariophysi	Cypriniphysae	Cypriniformes	Cobitoidei				Cobitidae	Cobitinae		Misgurnus	Misgurnus anguillicaudatus
Lib2018ii_0167	Eukaryota	Metazoa	Chordata	Craniata	Actinopterygii	Actinopteri	Neopterygii	Teleostei	Euteleosteomorpha			Gobiiformes	Gobioidei				Gobiidae	Gobionellinae		Gymnogobius	Gymnogobius petschiliensis
Lib2018ii_0168	Eukaryota	Metazoa	Chordata	Craniata	Actinopterygii	Actinopteri	Neopterygii	Teleostei	Euteleosteomorpha			Gobiiformes	Gobioidei				Gobiidae	Gobionellinae		Gymnogobius	
Lib2018ii_0169	Eukaryota	Metazoa	Chordata	Craniata	Actinopterygii	Actinopteri	Neopterygii	Teleostei	Euteleosteomorpha			Gobiiformes	Gobioidei				Gobiidae	Gobionellinae		Rhinogobius	
Lib2018ii_0170	Eukaryota	Metazoa	Chordata	Craniata	Actinopterygii	Actinopteri	Neopterygii	Teleostei	Euteleosteomorpha			Gobiiformes	Gobioidei				Gobiidae	Gobionellinae		Luciogobius	
Lib2018ii_0171	Eukaryota	Metazoa	Chordata	Craniata	Actinopterygii	Actinopteri	Neopterygii	Teleostei	Euteleosteomorpha			Salmoniformes					Salmonidae	Salmoninae			
Lib2018ii_0172	Eukaryota	Metazoa	Chordata	Craniata	Actinopterygii	Actinopteri	Neopterygii	Teleostei	Euteleosteomorpha			Gobiiformes	Gobioidei				Gobiidae	Gobionellinae		Gymnogobius	Gymnogobius urotaenia
Lib2018ii_0173	Eukaryota	Metazoa	Chordata	Craniata	Actinopterygii	Actinopteri	Neopterygii	Teleostei	Euteleosteomorpha			Gobiiformes	Gobioidei				Gobiidae	Gobionellinae		Rhinogobius	
Lib2018ii_0174	Eukaryota	Metazoa	Chordata	Craniata	Actinopterygii	Actinopteri	Neopterygii	Teleostei	Euteleosteomorpha			Gobiiformes	Gobioidei				Gobiidae	Gobionellinae		Rhinogobius	
Lib2018ii_0175	Eukaryota	Metazoa	Chordata	Craniata	Actinopterygii	Actinopteri	Neopterygii	Teleostei	Euteleosteomorpha			Gobiiformes	Gobioidei				Gobiidae	Gobionellinae		Gymnogobius	
Lib2018ii_0176	Eukaryota	Metazoa	Chordata	Craniata	Actinopterygii	Actinopteri	Neopterygii	Teleostei	Euteleosteomorpha			Osmeriformes					Plecoglossidae			Plecoglossus	Plecoglossus altivelis
Lib2018ii_0177	Eukaryota	Metazoa	Chordata	Craniata	Actinopterygii	Actinopteri	Neopterygii	Teleostei	Euteleosteomorpha			Gobiiformes	Gobioidei				Gobiidae	Gobionellinae		Rhinogobius	
Lib2018ii_0178	Eukaryota	Metazoa	Chordata	Craniata	Actinopterygii	Actinopteri	Neopterygii	Teleostei	Euteleosteomorpha			Gobiiformes	Gobioidei				Gobiidae	Gobionellinae		Gymnogobius	
Lib2018ii_0179	Eukaryota	Metazoa	Chordata	Craniata	Actinopterygii	Actinopteri	Neopterygii	Teleostei	Euteleosteomorpha			Gobiiformes	Gobioidei				Gobiidae	Gobionellinae		Gymnogobius	
Lib2018ii_0180	Eukaryota	Metazoa	Chordata	Craniata	Actinopterygii	Actinopteri	Neopterygii	Teleostei	Euteleosteomorpha			Gobiiformes	Gobioidei				Gobiidae	Gobionellinae		Rhinogobius	
Lib2018ii_0181	Eukaryota	Metazoa	Chordata	Craniata	Actinopterygii	Actinopteri	Neopterygii	Teleostei	Euteleosteomorpha			Gobiiformes	Gobioidei				Gobiidae	Gobionellinae		Gymnogobius	
Lib2018ii_0182	Eukaryota	Metazoa	Chordata	Craniata	Actinopterygii	Actinopteri	Neopterygii	Teleostei	Euteleosteomorpha			Gobiiformes	Gobioidei				Gobiidae	Gobionellinae		Gymnogobius	
Lib2018ii_0183	Eukaryota	Metazoa	Chordata	Craniata	Actinopterygii	Actinopteri	Neopterygii	Teleostei	Euteleosteomorpha			Osmeriformes					Plecoglossidae			Plecoglossus	Plecoglossus altivelis
Lib2018ii_0184	Eukaryota	Metazoa	Chordata	Craniata	Actinopterygii	Actinopteri	Neopterygii	Teleostei	Otomorpha	Ostariophysi	Cypriniphysae	Cypriniformes	Cyprinoidei				Cyprinidae	Cyprininae			
Lib2018ii_0185	Eukaryota	Metazoa	Chordata	Craniata	Actinopterygii	Actinopteri	Neopterygii	Teleostei	Euteleosteomorpha			Gobiiformes	Gobioidei				Gobiidae	Gobionellinae		Rhinogobius	
Lib2018ii_0186	Eukaryota	Metazoa	Chordata	Craniata	Actinopterygii	Actinopteri	Neopterygii	Teleostei	Euteleosteomorpha			Gobiiformes	Gobioidei				Gobiidae	Gobionellinae		Gymnogobius	
Lib2018ii_0187	Eukaryota	Metazoa	Chordata	Craniata	Actinopterygii	Actinopteri	Neopterygii	Teleostei	Euteleosteomorpha			Gobiiformes	Gobioidei				Gobiidae	Gobionellinae		Rhinogobius	
Lib2018ii_0188	Eukaryota	Metazoa	Chordata	Craniata	Actinopterygii	Actinopteri	Neopterygii	Teleostei	Euteleosteomorpha			Gobiiformes	Gobioidei				Gobiidae	Gobionellinae		Rhinogobius	
Lib2018ii_0189	Eukaryota	Metazoa	Chordata	Craniata	Actinopterygii	Actinopteri	Neopterygii	Teleostei	Euteleosteomorpha			Gobiiformes	Gobioidei				Gobiidae	Gobionellinae		Rhinogobius	
Lib2018ii_0190	Eukaryota	Metazoa	Chordata	Craniata	Actinopterygii	Actinopteri	Neopterygii	Teleostei	Euteleosteomorpha			Gobiiformes	Gobioidei				Gobiidae	Gobionellinae		Rhinogobius	
Lib2018ii_0191	Eukaryota	Metazoa	Chordata	Craniata	Actinopterygii	Actinopteri	Neopterygii	Teleostei	Euteleosteomorpha			Gobiiformes	Gobioidei				Gobiidae	Gobionellinae		Rhinogobius	
Lib2018ii_0192	Eukaryota	Metazoa	Chordata	Craniata	Actinopterygii	Actinopteri	Neopterygii	Teleostei	Euteleosteomorpha			Gobiiformes	Gobioidei				Gobiidae	Gobionellinae		Gymnogobius	
Lib2018ii_0193	Eukaryota	Metazoa	Chordata	Craniata	Actinopterygii	Actinopteri	Neopterygii	Teleostei	Euteleosteomorpha			Perciformes	Serranoidei				Serranidae	Epinephelinae	Epinephelini	Epinephelus	
Lib2018ii_0194	Eukaryota	Metazoa	Chordata	Craniata	Actinopterygii	Actinopteri	Neopterygii	Teleostei	Euteleosteomorpha			Perciformes	Cottioidei	Cottales			Cottidae				
Lib2018ii_0195	Eukaryota	Metazoa	Chordata	Craniata	Actinopterygii	Actinopteri	Neopterygii	Teleostei	Euteleosteomorpha			Carangiformes					Carangidae			Trachurus	
Lib2018ii_0196	Eukaryota	Metazoa	Chordata	Craniata	Actinopterygii	Actinopteri	Neopterygii	Teleostei	Euteleosteomorpha			Gobiiformes	Gobioidei				Gobiidae	Gobionellinae		Rhinogobius	
Lib2018ii_0197	Eukaryota	Metazoa	Chordata	Craniata	Actinopterygii	Actinopteri	Neopterygii	Teleostei	Otomorpha	Ostariophysi	Cypriniphysae	Cypriniformes	Cobitoidei				Cobitidae	Cobitinae		Misgurnus	Misgurnus anguillicaudatus
Lib2018ii_0198	Eukaryota	Metazoa	Chordata	Craniata	Actinopterygii	Actinopteri	Neopterygii	Teleostei	Euteleosteomorpha			Salmoniformes					Salmonidae	Salmoninae			
Lib2018ii_0199	Eukaryota	Metazoa	Chordata	Craniata	Actinopterygii	Actinopteri	Neopterygii	Teleostei	Otomorpha	Ostariophysi	Cypriniphysae	Cypriniformes	Cobitoidei				Cobitidae	Cobitinae		Misgurnus	
Lib2018ii_0200	Eukaryota	Metazoa	Chordata	Craniata	Actinopterygii	Actinopteri	Neopterygii	Teleostei	Euteleosteomorpha			Gobiiformes	Gobioidei				Gobiidae	Gobionellinae		Rhinogobius	
Lib2018ii_0201	Eukaryota	Metazoa	Chordata	Craniata	Actinopterygii	Actinopteri	Neopterygii	Teleostei	Euteleosteomorpha			Gobiiformes	Gobioidei				Gobiidae	Gobionellinae		Rhinogobius	
Lib2018ii_0202	Eukaryota	Metazoa	Chordata	Craniata	Actinopterygii	Actinopteri	Neopterygii	Teleostei	Euteleosteomorpha			Gobiiformes	Gobioidei				Gobiidae	Gobionellinae		Gymnogobius	
Lib2018ii_0203	Eukaryota	Metazoa	Chordata	Craniata	Actinopterygii	Actinopteri	Neopterygii	Teleostei	Euteleosteomorpha			Gobiiformes	Gobioidei				Gobiidae	Gobionellinae		Gymnogobius	
Lib2018ii_0204	Eukaryota	Metazoa	Chordata	Craniata	Actinopterygii	Actinopteri	Neopterygii	Teleostei	Otomorpha	Ostariophysi	Cypriniphysae	Cypriniformes	Cyprinoidei				Leuciscidae				
Lib2018ii_0205	Eukaryota	Metazoa	Chordata	Craniata	Actinopterygii	Actinopteri	Neopterygii	Teleostei	Euteleosteomorpha			Gobiiformes	Gobioidei				Gobiidae	Gobionellinae		Gymnogobius	
Lib2018ii_0206	Eukaryota	Metazoa	Chordata	Craniata	Actinopterygii	Actinopteri	Neopterygii	Teleostei	Euteleosteomorpha			Gobiiformes	Gobioidei				Gobiidae	Gobionellinae		Rhinogobius	
Lib2018ii_0207	Eukaryota	Metazoa	Chordata	Craniata	Actinopterygii	Actinopteri	Neopterygii	Teleostei	Euteleosteomorpha			Osmeriformes					Plecoglossidae			Plecoglossus	Plecoglossus altivelis
Lib2018ii_0208	Eukaryota	Metazoa	Chordata	Craniata	Actinopterygii	Actinopteri	Neopterygii	Teleostei	Euteleosteomorpha			Mugiliformes					Mugilidae			Planiliza	
Lib2018ii_0209	Eukaryota	Metazoa	Chordata	Craniata	Actinopterygii	Actinopteri	Neopterygii	Teleostei	Otomorpha	Ostariophysi	Cypriniphysae	Cypriniformes	Cobitoidei				Cobitidae	Cobitinae		Misgurnus	Misgurnus anguillicaudatus
Lib2018ii_0210	Eukaryota	Metazoa	Chordata	Craniata	Actinopterygii	Actinopteri	Neopterygii	Teleostei	Euteleosteomorpha			Osmeriformes					Plecoglossidae			Plecoglossus	Plecoglossus altivelis
Lib2018ii_0211	Eukaryota	Metazoa	Chordata	Craniata	Actinopterygii	Actinopteri	Neopterygii	Teleostei	Euteleosteomorpha			Gobiiformes	Gobioidei				Gobiidae	Gobionellinae		Rhinogobius	
Lib2018ii_0212	Eukaryota	Metazoa	Chordata	Craniata	Actinopterygii	Actinopteri	Neopterygii	Teleostei	Euteleosteomorpha			Gobiiformes	Gobioidei				Gobiidae	Gobionellinae		Gymnogobius	
Lib2018ii_0213	Eukaryota	Metazoa	Chordata	Craniata	Actinopterygii	Actinopteri	Neopterygii	Teleostei	Euteleosteomorpha			Gobiiformes	Gobioidei				Gobiidae	Gobionellinae		Gymnogobius	
Lib2018ii_0214	Eukaryota	Metazoa	Chordata	Craniata	Actinopterygii	Actinopteri	Neopterygii	Teleostei	Euteleosteomorpha			Gobiiformes	Gobioidei				Gobiidae	Gobionellinae		Gymnogobius	
Lib2018ii_0215	Eukaryota	Metazoa	Chordata	Craniata	Actinopterygii	Actinopteri	Neopterygii	Teleostei	Euteleosteomorpha			Gobiiformes	Gobioidei				Gobiidae	Gobionellinae		Gymnogobius	
Lib2018ii_0216	Eukaryota	Metazoa	Chordata	Craniata	Actinopterygii	Actinopteri	Neopterygii	Teleostei	Euteleosteomorpha			Gobiiformes	Gobioidei				Gobiidae	Gobionellinae		Gymnogobius	
Lib2018ii_0217	Eukaryota	Metazoa	Chordata	Craniata	Actinopterygii	Actinopteri	Neopterygii	Teleostei	Otomorpha	Ostariophysi	Cypriniphysae	Cypriniformes	Cyprinoidei				Leuciscidae	Pseudaspininae		Tribolodon	Tribolodon hakonensis
Lib2018ii_0218	Eukaryota	Metazoa	Chordata	Craniata	Actinopterygii	Actinopteri	Neopterygii	Teleostei	Euteleosteomorpha			Gobiiformes	Gobioidei				Gobiidae	Gobionellinae		Rhinogobius	
Lib2018ii_0219	Eukaryota	Metazoa	Chordata	Craniata	Actinopterygii	Actinopteri	Neopterygii	Teleostei	Euteleosteomorpha			Salmoniformes					Salmonidae	Salmoninae			
Lib2018ii_0220	Eukaryota	Metazoa	Chordata	Craniata	Actinopterygii	Actinopteri	Neopterygii	Teleostei	Euteleosteomorpha			Gobiiformes	Gobioidei				Gobiidae	Gobionellinae		Rhinogobius	
Lib2018ii_0221	Eukaryota	Metazoa	Chordata	Craniata	Actinopterygii	Actinopteri	Neopterygii	Teleostei	Euteleosteomorpha			Salmoniformes					Salmonidae	Salmoninae			
Lib2018ii_0222	Eukaryota	Metazoa	Chordata	Craniata	Actinopterygii	Actinopteri	Neopterygii	Teleostei	Otomorpha	Ostariophysi	Cypriniphysae	Cypriniformes	Cyprinoidei				Leuciscidae	Pseudaspininae		Tribolodon	Tribolodon hakonensis
Lib2018ii_0223	Eukaryota	Metazoa	Chordata	Craniata	Actinopterygii	Actinopteri	Neopterygii	Teleostei	Euteleosteomorpha			Gobiiformes	Gobioidei				Gobiidae	Gobionellinae		Gymnogobius	
Lib2018ii_0224	Eukaryota	Metazoa	Chordata	Craniata	Actinopterygii	Actinopteri	Neopterygii	Teleostei	Euteleosteomorpha			Gobiiformes	Gobioidei				Gobiidae	Gobionellinae		Gymnogobius	
Lib2018ii_0225	Eukaryota	Metazoa	Chordata	Craniata	Actinopterygii	Actinopteri	Neopterygii	Teleostei	Euteleosteomorpha			Gobiiformes	Gobioidei				Gobiidae	Gobionellinae		Rhinogobius	
Lib2018ii_0226	Eukaryota	Metazoa	Chordata	Craniata	Actinopterygii	Actinopteri	Neopterygii	Teleostei	Euteleosteomorpha			Salmoniformes					Salmonidae	Salmoninae			
Lib2018ii_0227	Eukaryota	Metazoa	Chordata	Craniata	Actinopterygii	Actinopteri	Neopterygii	Teleostei	Euteleosteomorpha			Mugiliformes					Mugilidae			Planiliza	
Lib2018ii_0228	Eukaryota	Metazoa	Chordata	Craniata	Actinopterygii	Actinopteri	Neopterygii	Teleostei	Euteleosteomorpha			Gobiiformes	Gobioidei				Gobiidae	Gobionellinae		Gymnogobius	
Lib2018ii_0229	Eukaryota	Metazoa	Chordata	Craniata	Actinopterygii	Actinopteri	Neopterygii	Teleostei	Euteleosteomorpha			Scombriformes					Scombridae	Scombrinae	Thunnini		
Lib2018ii_0230	Eukaryota	Metazoa	Chordata	Craniata	Actinopterygii	Actinopteri	Neopterygii	Teleostei	Euteleosteomorpha			Gobiiformes	Gobioidei				Gobiidae	Gobionellinae		Luciogobius	
Lib2018ii_0231	Eukaryota	Metazoa	Chordata	Craniata	Actinopterygii	Actinopteri	Neopterygii	Teleostei	Euteleosteomorpha			Osmeriformes					Plecoglossidae			Plecoglossus	Plecoglossus altivelis
Lib2018ii_0232	Eukaryota	Metazoa	Chordata	Craniata	Actinopterygii	Actinopteri	Neopterygii	Teleostei	Euteleosteomorpha			Gobiiformes	Gobioidei				Gobiidae	Gobionellinae		Gymnogobius	
Lib2018ii_0233	Eukaryota	Metazoa	Chordata	Craniata	Actinopterygii	Actinopteri	Neopterygii	Teleostei	Euteleosteomorpha			Gobiiformes	Gobioidei				Gobiidae	Gobionellinae		Gymnogobius	
Lib2018ii_0234	Eukaryota	Metazoa	Chordata	Craniata	Actinopterygii	Actinopteri	Neopterygii	Teleostei	Euteleosteomorpha			Gobiiformes	Gobioidei				Gobiidae	Gobionellinae		Rhinogobius	
Lib2018ii_0235	Eukaryota	Metazoa	Chordata	Craniata	Actinopterygii	Actinopteri	Neopterygii	Teleostei	Euteleosteomorpha			Gobiiformes	Gobioidei				Gobiidae	Gobionellinae		Rhinogobius	
Lib2018ii_0236	Eukaryota	Metazoa	Chordata	Craniata	Actinopterygii	Actinopteri	Neopterygii	Teleostei	Euteleosteomorpha			Salmoniformes					Salmonidae	Salmoninae			
Lib2018ii_0237	Eukaryota	Metazoa	Chordata	Craniata	Actinopterygii	Actinopteri	Neopterygii	Teleostei	Euteleosteomorpha			Gobiiformes	Gobioidei				Gobiidae	Gobionellinae		Gymnogobius	
Lib2018ii_0238	Eukaryota	Metazoa	Chordata	Craniata	Actinopterygii	Actinopteri	Neopterygii	Teleostei	Euteleosteomorpha			Gobiiformes	Gobioidei				Gobiidae	Gobionellinae		Rhinogobius	
Lib2018ii_0239	Eukaryota	Metazoa	Chordata	Craniata	Actinopterygii	Actinopteri	Neopterygii	Teleostei	Euteleosteomorpha			Gobiiformes	Gobioidei				Gobiidae	Gobionellinae		Rhinogobius	
Lib2018ii_0240	Eukaryota	Metazoa	Chordata	Craniata	Actinopterygii	Actinopteri	Neopterygii	Teleostei	Euteleosteomorpha			Osmeriformes					Plecoglossidae			Plecoglossus	Plecoglossus altivelis
Lib2018ii_0241	Eukaryota	Metazoa	Chordata	Craniata	Actinopterygii	Actinopteri	Neopterygii	Teleostei	Euteleosteomorpha			Salmoniformes					Salmonidae	Salmoninae			
Lib2018ii_0242	Eukaryota	Metazoa	Chordata	Craniata	Actinopterygii	Actinopteri	Neopterygii	Teleostei	Euteleosteomorpha			Salmoniformes					Salmonidae	Salmoninae			
Lib2018ii_0243	Eukaryota	Metazoa	Chordata	Craniata	Actinopterygii	Actinopteri	Neopterygii	Teleostei	Euteleosteomorpha			Gobiiformes	Gobioidei				Gobiidae	Gobionellinae		Rhinogobius	
Lib2018ii_0244	Eukaryota	Metazoa	Chordata	Craniata	Actinopterygii	Actinopteri	Neopterygii	Teleostei	Euteleosteomorpha			Gobiiformes	Gobioidei				Gobiidae	Gobionellinae		Rhinogobius	
Lib2018ii_0245	Eukaryota	Metazoa	Chordata	Craniata	Actinopterygii	Actinopteri	Neopterygii	Teleostei	Euteleosteomorpha			Osmeriformes					Plecoglossidae			Plecoglossus	Plecoglossus altivelis
Lib2018ii_0246	Eukaryota	Metazoa	Chordata	Craniata	Actinopterygii	Actinopteri	Neopterygii	Teleostei	Euteleosteomorpha			Mugiliformes					Mugilidae			Planiliza	
Lib2018ii_0247	Eukaryota	Metazoa	Chordata	Craniata	Actinopterygii	Actinopteri	Neopterygii	Teleostei	Euteleosteomorpha			Gobiiformes	Gobioidei				Gobiidae	Gobionellinae		Gymnogobius	
Lib2018ii_0248	Eukaryota	Metazoa	Chordata	Craniata	Actinopterygii	Actinopteri	Neopterygii	Teleostei	Otomorpha	Ostariophysi	Cypriniphysae	Cypriniformes	Cobitoidei				Cobitidae	Cobitinae		Misgurnus	
Lib2018ii_0249	Eukaryota	Metazoa	Chordata	Craniata	Actinopterygii	Actinopteri	Neopterygii	Teleostei	Euteleosteomorpha			Gobiiformes	Gobioidei				Gobiidae	Gobionellinae		Rhinogobius	
Lib2018ii_0250	Eukaryota	Metazoa	Chordata	Craniata	Actinopterygii	Actinopteri	Neopterygii	Teleostei	Euteleosteomorpha			Gobiiformes	Gobioidei				Gobiidae	Gobionellinae		Luciogobius	
Lib2018ii_0251	Eukaryota	Metazoa	Chordata	Craniata	Actinopterygii	Actinopteri	Neopterygii	Teleostei	Euteleosteomorpha			Osmeriformes					Plecoglossidae			Plecoglossus	Plecoglossus altivelis
Lib2018ii_0252	Eukaryota	Metazoa	Chordata	Craniata	Actinopterygii	Actinopteri	Neopterygii	Teleostei	Euteleosteomorpha			Osmeriformes					Plecoglossidae			Plecoglossus	Plecoglossus altivelis
Lib2018ii_0253	Eukaryota	Metazoa	Chordata	Craniata	Actinopterygii	Actinopteri	Neopterygii	Teleostei	Euteleosteomorpha			Gobiiformes	Gobioidei				Gobiidae	Gobionellinae		Gymnogobius	
Lib2018ii_0254	Eukaryota	Metazoa	Chordata	Craniata	Actinopterygii	Actinopteri	Neopterygii	Teleostei	Euteleosteomorpha			Osmeriformes					Plecoglossidae			Plecoglossus	Plecoglossus altivelis
Lib2018ii_0255	Eukaryota	Metazoa	Chordata	Craniata	Actinopterygii	Actinopteri	Neopterygii	Teleostei	Euteleosteomorpha			Salmoniformes					Salmonidae	Salmoninae		Oncorhynchus	Oncorhynchus masou
Lib2018ii_0256	Eukaryota	Metazoa	Chordata	Craniata	Actinopterygii	Actinopteri	Neopterygii	Teleostei	Euteleosteomorpha			Gobiiformes	Gobioidei				Gobiidae	Gobionellinae		Rhinogobius	
Lib2018ii_0257	Eukaryota	Metazoa	Chordata	Craniata	Actinopterygii	Actinopteri	Neopterygii	Teleostei	Euteleosteomorpha			Gobiiformes	Gobioidei				Gobiidae	Gobionellinae		Rhinogobius	
Lib2018ii_0258	Eukaryota	Metazoa	Chordata	Craniata	Actinopterygii	Actinopteri	Neopterygii	Teleostei	Euteleosteomorpha			Osmeriformes					Plecoglossidae			Plecoglossus	Plecoglossus altivelis
Lib2018ii_0259	Eukaryota	Metazoa	Chordata	Craniata	Actinopterygii	Actinopteri	Neopterygii	Teleostei	Euteleosteomorpha			Gobiiformes	Gobioidei				Gobiidae	Gobionellinae		Gymnogobius	
Lib2018ii_0260	Eukaryota	Metazoa	Chordata	Craniata	Actinopterygii	Actinopteri	Neopterygii	Teleostei	Euteleosteomorpha		Atherinomorphae	Beloniformes	Adrianichthyoidei				Adrianichthyidae	Oryziinae		Oryzias	
Lib2018ii_0261	Eukaryota	Metazoa	Chordata	Craniata	Actinopterygii	Actinopteri	Neopterygii	Teleostei	Euteleosteomorpha			Osmeriformes					Plecoglossidae			Plecoglossus	Plecoglossus altivelis
Lib2018ii_0262	Eukaryota	Metazoa	Chordata	Craniata	Actinopterygii	Actinopteri	Neopterygii	Teleostei	Euteleosteomorpha			Gobiiformes	Gobioidei				Gobiidae	Gobionellinae		Rhinogobius	
Lib2018ii_0263	Eukaryota	Metazoa	Chordata	Craniata	Actinopterygii	Actinopteri	Neopterygii	Teleostei	Euteleosteomorpha			Perciformes	Scorpaenoidei				Sebastidae	Sebastinae		Sebastes	
Lib2018ii_0264	Eukaryota	Metazoa	Chordata	Craniata	Actinopterygii	Actinopteri	Neopterygii	Teleostei	Euteleosteomorpha			Gobiiformes	Gobioidei				Gobiidae	Gobionellinae		Luciogobius	
Lib2018ii_0265	Eukaryota	Metazoa	Chordata	Craniata	Actinopterygii	Actinopteri	Neopterygii	Teleostei	Euteleosteomorpha			Gobiiformes	Gobioidei				Gobiidae	Gobionellinae		Gymnogobius	Gymnogobius petschiliensis
Lib2018ii_0266	Eukaryota	Metazoa	Chordata	Craniata	Actinopterygii	Actinopteri	Neopterygii	Teleostei	Euteleosteomorpha			Gobiiformes	Gobioidei				Gobiidae	Gobionellinae		Gymnogobius	
Lib2018ii_0267	Eukaryota	Metazoa	Chordata	Craniata	Actinopterygii	Actinopteri	Neopterygii	Teleostei	Euteleosteomorpha			Osmeriformes					Plecoglossidae			Plecoglossus	Plecoglossus altivelis
Lib2018ii_0268	Eukaryota	Metazoa	Chordata	Craniata	Sarcopterygii	Mammalia					Euarchontoglires	Primates	Haplorrhini	Simiiformes	Catarrhini	Hominoidea	Hominidae	Homininae		Homo	Homo sapiens
Lib2018ii_0269	Eukaryota	Metazoa	Chordata	Craniata	Actinopterygii	Actinopteri	Neopterygii	Teleostei	Euteleosteomorpha			Osmeriformes					Plecoglossidae			Plecoglossus	Plecoglossus altivelis
Lib2018ii_0270	Eukaryota	Metazoa	Chordata	Craniata	Actinopterygii	Actinopteri	Neopterygii	Teleostei	Euteleosteomorpha			Osmeriformes					Plecoglossidae			Plecoglossus	Plecoglossus altivelis
Lib2018ii_0271	Eukaryota	Metazoa	Chordata	Craniata	Actinopterygii	Actinopteri	Neopterygii	Teleostei	Euteleosteomorpha			Osmeriformes					Plecoglossidae			Plecoglossus	Plecoglossus altivelis
Lib2018ii_0272	Eukaryota	Metazoa	Chordata	Craniata	Actinopterygii	Actinopteri	Neopterygii	Teleostei	Otomorpha	Ostariophysi	Cypriniphysae	Cypriniformes	Cobitoidei				Cobitidae	Cobitinae		Misgurnus	Misgurnus anguillicaudatus
Lib2018ii_0273	Eukaryota	Metazoa	Chordata	Craniata	Actinopterygii	Actinopteri	Neopterygii	Teleostei	Euteleosteomorpha			Gobiiformes	Gobioidei				Gobiidae	Gobionellinae		Luciogobius	
Lib2018ii_0274	Eukaryota	Metazoa	Chordata	Craniata	Actinopterygii	Actinopteri	Neopterygii	Teleostei	Euteleosteomorpha			Spariformes					Sparidae				
Lib2018ii_0275	Eukaryota	Metazoa	Chordata	Craniata	Actinopterygii	Actinopteri	Neopterygii	Teleostei	Otomorpha	Ostariophysi	Cypriniphysae	Cypriniformes	Cobitoidei				Cobitidae	Cobitinae		Misgurnus	
Lib2018ii_0276	Eukaryota	Metazoa	Chordata	Craniata	Actinopterygii	Actinopteri	Neopterygii	Teleostei	Euteleosteomorpha			Gobiiformes	Gobioidei				Gobiidae	Gobionellinae		Gymnogobius	
Lib2018ii_0277	Eukaryota	Metazoa	Chordata	Craniata	Actinopterygii	Actinopteri	Neopterygii	Teleostei	Euteleosteomorpha			Gobiiformes	Gobioidei				Gobiidae	Gobionellinae		Gymnogobius	
Lib2018ii_0278	Eukaryota	Metazoa	Chordata	Craniata	Actinopterygii	Actinopteri	Neopterygii	Teleostei	Euteleosteomorpha			Gobiiformes	Gobioidei				Gobiidae	Gobionellinae		Rhinogobius	
Lib2018ii_0279	Eukaryota	Metazoa	Chordata	Craniata	Actinopterygii	Actinopteri	Neopterygii	Teleostei	Euteleosteomorpha			Gobiiformes	Gobioidei				Gobiidae	Gobionellinae		Luciogobius	
Lib2018ii_0280	Eukaryota	Metazoa	Chordata	Craniata	Sarcopterygii	Amphibia					Batrachia	Anura	Neobatrachia			Ranoidea	Rhacophoridae	Rhacophorinae		Zhangixalus	Zhangixalus arboreus
Lib2018ii_0281	Eukaryota	Metazoa	Chordata	Craniata	Actinopterygii	Actinopteri	Neopterygii	Teleostei	Euteleosteomorpha			Gobiiformes	Gobioidei				Gobiidae	Gobionellinae		Rhinogobius	
Lib2018ii_0282	Eukaryota	Metazoa	Chordata	Craniata	Actinopterygii	Actinopteri	Neopterygii	Teleostei	Otomorpha	Ostariophysi	Cypriniphysae	Cypriniformes	Cyprinoidei				Leuciscidae	Pseudaspininae		Tribolodon	Tribolodon hakonensis
Lib2018ii_0283	Eukaryota	Metazoa	Chordata	Craniata	Actinopterygii	Actinopteri	Neopterygii	Teleostei	Euteleosteomorpha			Gobiiformes	Gobioidei				Gobiidae	Gobionellinae		Luciogobius	
Lib2018ii_0284	Eukaryota	Metazoa	Chordata	Craniata	Actinopterygii	Actinopteri	Neopterygii	Teleostei	Euteleosteomorpha			Perciformes	Cottioidei	Cottales			Cottidae				
Lib2018ii_0285	Eukaryota	Metazoa	Chordata	Craniata	Actinopterygii	Actinopteri	Neopterygii	Teleostei	Euteleosteomorpha			Osmeriformes					Plecoglossidae			Plecoglossus	Plecoglossus altivelis
Lib2018ii_0286	Eukaryota	Metazoa	Chordata	Craniata	Actinopterygii	Actinopteri	Neopterygii	Teleostei	Euteleosteomorpha			Osmeriformes					Plecoglossidae			Plecoglossus	Plecoglossus altivelis
Lib2018ii_0287	Eukaryota	Metazoa	Chordata	Craniata	Actinopterygii	Actinopteri	Neopterygii	Teleostei	Euteleosteomorpha			Gobiiformes	Gobioidei				Gobiidae	Gobionellinae		Rhinogobius	
Lib2018ii_0288	Eukaryota	Metazoa	Chordata	Craniata	Sarcopterygii	Mammalia					Euarchontoglires	Rodentia	Myomorpha				Cricetidae	Arvicolinae		Microtus	
Lib2018ii_0289	Eukaryota	Metazoa	Chordata	Craniata	Actinopterygii	Actinopteri	Neopterygii	Teleostei	Euteleosteomorpha			Salmoniformes					Salmonidae	Salmoninae			
Lib2018ii_0290	Eukaryota	Metazoa	Chordata	Craniata	Sarcopterygii	Aves		Neognathae				Passeriformes				Sylvioidea	Pycnonotidae			Hypsipetes	
Lib2018ii_0291	Eukaryota	Metazoa	Chordata	Craniata	Sarcopterygii	Aves		Neognathae				Passeriformes				Sylvioidea	Zosteropidae			Zosterops	
Lib2018ii_0292	Eukaryota	Metazoa	Chordata	Craniata	Actinopterygii	Actinopteri	Neopterygii	Teleostei	Euteleosteomorpha			Osmeriformes					Plecoglossidae			Plecoglossus	Plecoglossus altivelis
Lib2018ii_0293	Eukaryota	Metazoa	Chordata	Craniata	Actinopterygii	Actinopteri	Neopterygii	Teleostei	Euteleosteomorpha			Tetraodontiformes	Tetraodontoidei			Tetradontoidea	Tetraodontidae			Takifugu	
Lib2018ii_0294	Eukaryota	Metazoa	Chordata	Craniata	Actinopterygii	Actinopteri	Neopterygii	Teleostei	Euteleosteomorpha			Gobiiformes	Gobioidei				Gobiidae	Gobionellinae		Gymnogobius	
Lib2018ii_0295	Eukaryota	Metazoa	Chordata	Craniata	Actinopterygii	Actinopteri	Neopterygii	Teleostei	Euteleosteomorpha			Osmeriformes					Plecoglossidae			Plecoglossus	Plecoglossus altivelis
Lib2018ii_0296	Eukaryota	Metazoa	Chordata	Craniata	Actinopterygii	Actinopteri	Neopterygii	Teleostei	Euteleosteomorpha			Salmoniformes					Salmonidae	Salmoninae			
Lib2018ii_0297	Eukaryota	Metazoa	Chordata	Craniata	Actinopterygii	Actinopteri	Neopterygii	Teleostei	Euteleosteomorpha			Gobiiformes	Gobioidei				Gobiidae	Gobionellinae		Gymnogobius	
Lib2018ii_0298	Eukaryota	Metazoa	Chordata	Craniata	Actinopterygii	Actinopteri	Neopterygii	Teleostei	Euteleosteomorpha			Gobiiformes	Gobioidei				Gobiidae	Gobionellinae		Rhinogobius	
Lib2018ii_0299	Eukaryota	Metazoa	Chordata	Craniata	Actinopterygii	Actinopteri	Neopterygii	Teleostei	Euteleosteomorpha			Gobiiformes	Gobioidei				Gobiidae	Gobionellinae		Luciogobius	
Lib2018ii_0300	Eukaryota	Metazoa	Chordata	Craniata	Actinopterygii	Actinopteri	Neopterygii	Teleostei	Otomorpha	Ostariophysi	Cypriniphysae	Cypriniformes	Cyprinoidei				Cyprinidae	Cyprininae			
Lib2018ii_0301	Eukaryota	Metazoa	Chordata	Craniata	Actinopterygii	Actinopteri	Neopterygii	Teleostei	Euteleosteomorpha			Osmeriformes					Plecoglossidae			Plecoglossus	Plecoglossus altivelis
Lib2018ii_0302	Eukaryota	Metazoa	Chordata	Craniata	Actinopterygii	Actinopteri	Neopterygii	Teleostei	Euteleosteomorpha			Gobiiformes	Gobioidei				Gobiidae	Gobionellinae		Gymnogobius	
Lib2018ii_0303	Eukaryota	Metazoa	Chordata	Craniata	Actinopterygii	Actinopteri	Neopterygii	Teleostei	Otomorpha	Ostariophysi	Cypriniphysae	Cypriniformes	Cobitoidei				Cobitidae	Cobitinae		Misgurnus	
Lib2018ii_0304	Eukaryota	Metazoa	Chordata	Craniata	Sarcopterygii	Mammalia					Laurasiatheria	Artiodactyla	Suina				Suidae			Sus	Sus scrofa
Lib2018ii_0305	Eukaryota	Metazoa	Chordata	Craniata	Sarcopterygii	Mammalia					Laurasiatheria	Artiodactyla	Suina				Suidae			Sus	Sus scrofa
Lib2018ii_0306	Eukaryota	Metazoa	Chordata	Craniata	Actinopterygii	Actinopteri	Neopterygii	Teleostei	Euteleosteomorpha			Gobiiformes	Gobioidei				Gobiidae	Gobionellinae		Rhinogobius	
Lib2018ii_0307	Eukaryota	Metazoa	Chordata	Craniata	Actinopterygii	Actinopteri	Neopterygii	Teleostei	Euteleosteomorpha			Osmeriformes					Plecoglossidae			Plecoglossus	Plecoglossus altivelis
Lib2018ii_0308	Eukaryota	Metazoa	Chordata	Craniata	Sarcopterygii	Mammalia					Laurasiatheria	Artiodactyla	Suina				Suidae			Sus	Sus scrofa
Lib2018ii_0309	Eukaryota	Metazoa	Chordata	Craniata	Actinopterygii	Actinopteri	Neopterygii	Teleostei	Euteleosteomorpha			Gobiiformes	Gobioidei				Gobiidae	Gobionellinae		Gymnogobius	
